{"cameraMode":{"drawMode":0,"name":"Shaded","section":"Shading Mode"},"sceneLighting":true,"audioPlay":false,"sceneViewState":{"m_AlwaysRefresh":true,"showFog":true,"showSkybox":true,"showFlares":true,"showImageEffects":true,"showParticleSystems":true,"showVisualEffectGraphs":true,"m_FxEnabled":true},"in2DMode":false,"pivot":{"x":-0.34921231865882876,"y":0.5727135539054871,"z":2.4351184368133547},"rotation":{"x":-0.17726580798625947,"y":0.08070184290409088,"z":-0.014580494724214077,"w":-0.9807739853858948},"size":6.201282978057861,"orthographic":false}